噢無名要關掉了 XD,0,1,1,0,1
期末小崩塌好像要開始了。,0,1,1,0,1
耶明天一整天都放掉了_超開心_,0,1,1,0,1
補助申請進入複審了！一月中旬公布！噢耶謝謝大家的幫忙 XD暫時沒有我的事了哈哈,0,1,1,0,1
冷冷的天裡聽煮水的聲音好幸福噢 ! 耶有熱茶可以喝 ~,0,1,1,0,1
蘑菇掉的時間，總是比想像的還多。,0,1,1,0,1
"昨天感謝親愛的陪我去考照，祝你漢堡之行一路順風噢 !七個月後等你回來好好分享一番 ~ :"")( 拿到了 ! 我可以自己騎機車了 ! )",0,1,1,0,1
婆媳問題那段真的是太中肯了，也很好笑 XDDDD,0,1,1,0,1
下午練機車練得太開心。所以進度又是零了。老師一定很想殺人 ... XD,0,1,1,0,1
張超閔攝影師 XD,0,1,1,0,1
明天是夏令營最後一天了，希望學生的成果發表順順利利，留下一個逗趣的句點。也希望下一次的自己會更好，畢竟這次跌跌撞撞地還是不滿意啊 XD,0,1,1,0,1
"回家的時候用做字卡的長條廢紙寫了滿滿的待辦事項，最幸福的時刻莫過於此了，有著滿滿的期待。( 就像期末報告潮的時候開始計算退潮時會不會看到意外的貝殼那樣 :"")",0,1,1,0,1
8/16 過後就是把桌上的東西清乾淨，並且恢復研究生身分把擱置的事做一做。,0,1,1,0,1
去WONDERLAND遊歷了一個下午 一睜開眼夢醒了又要上班了啊 ... ( 茶 ),0,1,1,0,1
昨天還昏昏的，好像還在北京趕著聽課一樣，今天馬上被現實嚇醒了。 屈指一數事情還真多 ... 即時面對 ( 自首 ) 好像就是最好且唯一的辦法。反正暑假早就離我遠去了 Q Q,0,1,1,0,1
"我：我從小就不想長大耶。媽：是噢，我小時候要趕快長大是因為不想被人管耶。沒想到長大之後還是被管，結婚之後被管得更多而且還要管人 XD
妹：我想要趕快長大是因為我希望唱歌變好聽，而且我想穿高跟鞋！大家喜歡長大的感覺嗎？ XD",0,1,1,0,1
"今天才得到陳老師允許寒假再交計畫的禮物
沒想到回家遠距就出事了 ... ...
",0,1,1,0,1
"不知道是不是我的麥克風有問題 電腦聽不到我的聲音 Q Q
只好把語音錄音延後到明天處理了 (卡關)
先做別的事 ... ...
",0,1,1,0,1
"開放式問題真的難捉摸耶 ...
雖然早就習慣了沒有正確答案的這件事
但是沒有答案還是要照著路走啊 說穿了人生就是沒有出口的迷宮
",0,1,1,0,1
"看完電影好滿足噢。愛久彌新
明天要好好努力了，下星期五",0,1,1,0,1
聽說韓國最近有個花美男叫李敏鎬 我媽每次跟我聊天都一定會提他有多帥 我都敷衍過去…… 結果今天早上她欣喜的向我展示她的手機 一看不得了！！ 竟然是一隻燦笑的李敏鎬躺在她的手機桌面@@ 後來看到霍夫曼的新聞 我：我們還沒去基隆看黃色小鴨耶 媽：那有什麼好看的，就跟凱蒂貓差不多啊… 我：可是他很大隻啊 媽：就只是大而已啊 我：可是他看起來很療癒啊 媽：要療癒看敏鎬就好啦，他@&^：；？…… 夠了，夠了！！！,1,1,1,1,1
OMG! 剛竟然接到某人的電話（大尖叫）~~~~~~,1,1,1,1,1
這個好可愛~ 可是我覺得小寶寶大概隔天就拉肚子了吧XD,1,1,1,1,1
今天是primary care病人開刀的日子 也是第一次在table上跟完全程exp. Laparotomy 的日子,1,1,1,1,1
原來專注的時候一點也不會覺得腳痠 開始覺得外科蠻有趣的XD,1,1,1,1,1
看到人很和善的老先生跟老太太用無助的眼神問我 “腫瘤都切掉了，化療也乖乖做完了，化療用的人工血管都拿掉了，為什麼腫瘤還會復發？” 真的不知道該怎麼安慰他們。,1,1,1,1,1
這幾天睡前會胸悶（尤其是側躺） radiation到neck 偶爾會突然呼吸不過來，大概幾秒鐘 我需要去背個Holter嗎？,1,1,1,1,1
前天耍笨把金融卡留在富邦的ATM裡，結果被吸進去了XD 今天去的時候問了警衛要去哪裡領？ 他說“先在這裡抽號碼牌”，然後又補了一句“妳的耳環很漂亮！” 哇塞，這樣的教育訓練實在太成功了~ 以後一定會常常來光顧的（誤）XD,1,1,1,1,1
"哈哈哈，八卦了一整晚超舒壓XD
以後也要這樣啦！！謝謝大家~~
Love you all ：）

",1,1,1,1,1
"前幾天 因為沒有男朋友 被 鄭佳真學姊說很""肉腳""(台語)
到現在想到還是覺得很不爽XDDDDDDDD",1,1,1,1,1
"生日大開心\^O^/
感謝老哥貼心送我草莓布朗尼，所以特此幫他徵女友，非誠勿擾XD
",1,1,1,1,1
"在醫院裡的帥氣醫師中，
最常見是“知性帥”，故名思義就是博學多聞、融會貫通又能化繁為簡
再厲害一點，是加上“生理帥”，也就是有主治的年紀，卻沒有主治的肚子跟髮量~
但今天見識到魏主任，不但同時具有“知性帥”跟“生理帥”，連罵病人都帥！！！
我只能說，這是奇蹟啊XD
",1,1,1,1,1
"進醫院之前，因為對臨床的認識都是從影集來的
所以覺得可以成為外科醫師是一件很帥的事情
可是在外科這幾個禮拜下來，我發現比起看刀，看書好像還是比較有趣:(
大概心臟不夠大顆、腿力跟體力又不如人吧(嘆)...
看著主任連續兩天開CABG凌晨3點才睡，隔天早上還是繼續查房
再次覺得外科醫師絕對是個偉大又讓人尊敬的志業!
",1,1,1,1,1
"在圖書館的小沙發上睡午覺
夢見全家人一起出去玩
在車上的每個人都笑的好開心
有司機爸爸不用開車
然後我跟媽媽一起吃冰淇淋
真的好幸福好快樂＞ ＜
醒來發現自己多睡了40分鐘
來不及看刀也還沒開始做明天的報告QQ
可是這美好的夢卻帶給我說不出的某種力量！
謝謝圖書館的小沙發：）",1,1,1,1,1
"也許是害怕自己跟別人不一樣
所以努力的讓自己跟身邊的人變得相似
可是在沒有自己的想法與信念的情況下 
只會更加迷失。
努力完之後不知道為什麼要努力的感覺真的很差
that's why I'm looking for my religion
也是為什麼昨天跟林慶台牧師對談完後，默默泛淚的原因。",1,1,1,1,1
"今天晨會偷打瞌睡
沒想到下午跟門診，老師跟我們說早安！
原來我睡覺的樣子被老師偷拍了QQ
嗚嗚…下次不敢在NS的晨會打盹了！
",1,1,1,1,1
"這禮拜run急診。
想起小時候常因半夜發燒腹痛掛急診，儘管不是什麼大病，但在深夜沒人看診的時候卻非常需要幫忙，覺得急診醫師很偉大！
雖然小小的clerk只能幫病人貼EKG, ICP, on foley, wound CD，可是看到病人感謝的神情跟信任（開始把過去病史濤濤不絕的講出來）真的會忘記疲憊！
還有OHCA或是很critical的病人送來，大家立刻很有默氣的組成一個team各司其職，真的覺得急診科的大家是無名英雄！
今天最後一天也要好好的努力！
",1,1,1,1,1
"他怎麼知道我今天下午要報告+考試！
唉…好想睡覺……
",1,1,1,1,1
"今天下班遇到許久不見的林哲立醫師，很開心的打了招呼！
結果他端詳一陣就說我變胖了！
好吧，至少確定他沒認錯學妹 T^T",1,1,1,1,1
"今天跟媽媽跟旅行社出去玩
在遊覽車上最期待的當然是免錢的卡拉OK!

上車沒多久我就很心機的先拿歌本來研究會唱的歌
結果就在導遊ㄧ說可以開始唱歌，
立馬就有人開始唱了!
更厲害的是前奏ㄧ下,這位大叔(?)就說""麻煩降1key""
但最厲害的還是某位阿姨(?)在前奏還沒下就說""麻煩降2key"",之後又降了1key...
就這樣，這ㄧ群十幾人輪番降key!
我根本搶不到麥克風(´･_･`)
這群人到底是有多常唱ktv啊?
哼！明天老娘我跟你們拼了!@$#%&",1,1,1,1,1
"大家好，我是微積分甲兼代數導論助教！
靠，好緊張！
希望可以HOLD住！！
",0,1,1,1,1
台大農場的吐司好好吃喔......。,0,1,1,1,1
我實在無法想像有人會相信「多數弱勢」或「逆向歧視」這種鬼話，特別是當我今天早上看到四大報頭版的半版廣告時。,0,1,1,1,1
"終於把困擾多天的問題想通了 
接下來要趕快衝期中考!!!
原本以為終於解決了問題突然又發現有漏洞......不~~~~~
總覺得最近工作的續航力好低呀......Orz
",0,1,1,1,1
"這些小朋友也太有戲了，好可愛。
遊戲王梗真是歷久不衰呀！",0,1,1,1,1
"作弊還給補考機會是搞什麼呀！聽了覺得很羞憤，拜託不要再故息了！
為什麼數學館就改得這麼醜......QQ
",0,1,1,1,1
微積分研習課只有六個人，哭哭。,0,1,1,1,1
實在不懂耶，帶人來研究室沒關係，但還是要顧慮想唸書的人吧。走前還把我頭上的燈關掉是怎樣=_=||||||,0,1,1,1,1
"成功在預估時間內改完了，幸好不用像上次整晚沒睡。
Happy Pi's day!!!! 祈求派大神保佑我寫得出作業！
",0,1,1,1,1
順道一提，國小(沒教過我的)老師們竟然還記得我，真是驚訝，不過原來我給老師們印象是小時候很黑，數學很好。XD,0,1,1,1,1
7-11美式咖啡買一送一是要逼死誰啊啊啊啊啊啊,0,1,1,1,1
終於可以放鬆休息一下了 不過真的只能一下，明日再戰李群,0,1,1,1,1
這樣的天氣太好睡了，這樣不行啦！,0,1,1,1,1
這些都是陪伴我過這一年的歌,0,1,1,1,1
拜託不要在路上隨機幫我介紹女朋友好嗎？雖然的確是個正妹店員=_=,0,1,1,1,1
很多人一起念就會變簡單，這就是讀書會的力量 不，是團結的力量！！,0,1,1,1,1
總算結束兩周日夜顛倒、睡眠不足、暴飲暴食的生活了，可以暫時戒掉咖啡了吧！,0,1,1,1,1
果然撐不住想睡了，我想我的熬夜時數已經在社研期間耗盡了吧！,0,1,1,1,1
結果還是沒有在預定的時間內做完，可能最近有點疲乏了，動不動就忍不住分心。,0,1,1,1,1
在往學生家的捷運列車中被坐在旁邊的小幼兒玩弄腳毛 囧,0,1,1,1,1
卻也很恰北北 會打其他貓貓!!!! 還有暴衝來暴衝去 (腳還會滑掉),1,1,1,1,1
只希望我有緣的喵喵乾兒子趕快找到可以好好照顧牠疼惜一輩子的人家啊。,1,1,1,1,1
愛心保暖物件從好像是旗子的東西變成暖暖衣服當毯子,1,1,1,1,1
你看看那大頭、大眼睛、嫩嫩嘴邊肉,1,1,1,1,1
謝謝投票給我的人^w^還有百忙中抽空來幫我加油的朋友,1,1,1,1,1
新來的木瓜妹妹雖然我一進門時很友善地討摸摸 (還舔我手!!),1,1,1,1,1
"但在玩的時候無法拍照, 所以都是慵懶的照片XDDD",1,1,1,1,1
阿薛~你要乖乖喔~晚上也要像白天一樣乖乖的喔~,1,1,1,1,1
耶~有順利留下紀錄!!!! (雖然頭髮是騎車後亂亂吹的狀態),1,1,1,1,1
PPT和活動設計好了,1,1,1,1,1
"不能再喝茶了, 也不能吃甜甜...唉",1,1,1,1,1
我讀台大 我挺同婚 :DDDD,1,1,1,1,1
蘇菲不是蘇小姐，是翁小姐喔~,1,1,1,1,1
請大家告訴大家，不管製造、買賣或是設置捕獸鋏都是違法！今天放在菜市場或鬧區路邊夾到貓狗，總有一天夾到你家親人。,1,1,1,1,1
有美髮店不接受單剪瀏海嗎? 瀏海又變好長需要修@@,1,1,1,1,1
在博理館附近拍到的暮色.超喜歡粉紅色的天空呀~,1,1,1,1,1
祝大家七夕情人節快樂~,1,1,1,1,1
原本打算新年第一天穿出去.但跟外套不合.改天再穿吧,1,1,1,1,1
The Wife of Bath的prologue真是又臭又長 雖然也蠻好笑的,1,1,1,1,1
最近都在睡前感到胃酸或脹氣@ @,1,1,1,1,1
第一次看巴斯克的影片。儘管我對巴斯克的瞭解目前只停留在ETA和巴斯克語是一個孤立語言但不知為何一直對巴斯克有特別的憧憬，想去西班牙，更想去巴斯克(但事實上學了四年俗稱西班牙語的卡斯帝亞語(Castellano)後還是聽不懂任何一句Vasco(Euskara)的。) Lonely Planet上對巴斯克有這樣的描述:巴斯克的語言就是一個國家。巴斯克語是歐洲最古老也最具狂想色彩的語言。我不知道是不是真的，但這個影片裡巴斯克地區的色彩和感情都呈現出爆炸性的濃烈，好重...。,0,1,1,1,1
在汶萊旅途上被來自西安的子超哥撿回去，沒想到五個月後他有了自己的設計品牌_。超帥的。他是少數讓我覺得同一輩很厲害的通才，聽他談經營模式、談政治、談攝影、談性經驗、談茶的霸氣，讓我收穫多多_真是太太太屌了。,0,1,1,1,1
想跟影片中小弟/妹說句話，雖然我沒啥資格(抱歉我不知道你的性別認同是什麼)你/妳真勇敢，比我這個只會在網路上打嘴砲的人勇敢多了。我一直是個俗辣，只管自己的事(而且常常還管不好)，但我今天看到了這部影片，我只能厚顏無恥的跟你/妳說，我真想和你/妳站在一起。你面對的是一堵看似堅不可摧的高牆，但我想，我們不應該害怕，因為大家一磚一瓦努力的讓它分崩離析，它其實早已外強中乾，即將被時代淘汰。,0,1,1,1,1
今天，我真恥於生在這個孕育出一堆噁心的人的吃人島嶼。但今天，我也很慶幸能生於這個因你/妳們的勇敢而驕傲的美麗國家。,0,1,1,1,1
人家在談論什麼議題我們在談論什麼？,0,1,1,1,1
現在ptt的每日一句都好有水準_,0,1,1,1,1
這真是噁心噁心噁心到了極點，晚餐吃的臭豆腐都快吐出來。怎麼有人比臭豆腐還臭?,0,1,1,1,1
而今天赤裸裸的暴力呈現在世人眼前，來自自稱最純潔、善良、想要守護下一代的人。我真想問，你們的下一代長大後，知道自己的父母、祖父母參與這樣的暴行會做何感想，會感到多麼羞恥? 我現在就感到相當羞恥。,0,1,1,1,1
我們的交友圈可能有點偏差（誤）,0,1,1,1,1
1200點才坐上離開基隆的車，沒多久就爆了！還好有見到小鴨最後一面_QQ R.I.P.,0,1,1,1,1
斷開魂結 斷開鎖鍊 燒毀網羅~不要再跟他有聯絡!,0,1,1,1,1
與小鴨的最後一面><。,0,1,1,1,1
泰國在抗議最近的赦免法案！好多泰國朋友都上街頭了。用一下別人的話,0,1,1,1,1
"這不分享不行阿XDD 家長到底是怎麼看到白斬雞產生性暗示、性幻想啊...桌上的食物不都是裸體嗎= =""",0,1,1,1,1
謝謝您的意見：我也覺得母親用自熟悉的語言和孩子溝通是件非常好的事。的確拿各國托福分數舉證有偏誤，但我想強調的點是：臺灣人的英文似乎也沒多好，怎麼馬總統就不會希望臺灣人不要教自己的孩子英文或說臺灣人會把小孩的英文教壞呢？更何況東南亞的外籍配偶（不好意思正名一下，外籍新娘是個不太好的詞，畢竟她們很多已嫁來臺灣二三十年，早就不是新娘了！）也是許許多多不一樣的人，有的人英文好，有的人英文差，但馬總統卻將所有的人都當作英文差的就只因為她們的國籍，這不是歧視什麼才叫歧視呢？ 就不再補充其他的點了。,0,1,1,1,1
白痴教中文還逼我放上來！,0,1,1,1,1
來到汶萊啦！！！齋戒月時的汶萊街上空無一人，趕早上六點的飛機加上星期五中午餐廳不開，在這裡體驗了一下穆斯林齋戒禁水禁食的辛苦。……然後不知道有沒有吳尊迷知道吳尊現在在哪裡……？我好像在路上看到他啦！！！但是只有在車子與人交會時的驚鴻一瞥，還是說汶萊人長得都像吳尊呢？,0,1,1,1,1
到雅加達了！生平第一次到南半球！所以這裡是冬天的意思囉@@,0,1,1,1,1
想學潛水，但有點害怕……我該在這語言不太通的地方學嗎？還是回臺灣再學？感覺會有很多問題。而且我不太會看潛水店的品質是好還是不好……有沒有人有潛水經驗的可以建議一下！？謝謝！,0,1,1,1,1
越南之旅十九天倒數三天，終於可以打中文了，現在的湄公河三角洲超熱!!......週末去金邊~~ 希望,0,1,1,1,1
繼澳門聖誕溫馨送暖到台灣後，2014新年祝福第一發來自香港！！由衷感謝讓我們從心底溫暖起來的大姊>//////<,1,1,0,0,1
魯拉拉~魯拉拉~魯拉魯拉勒_整天魯來魯去真的好累喔…,1,1,0,0,1
這麼久了，從沒想過你會離開我，原來，寂寞不只是寂寞，還可以更寂寞,1,1,0,0,1
終於清醒了一點，謝謝大家的祝福，我都有看在眼裡放在心底，每年生日都是多事的秋呢，而朋友們也總在身邊陪著我，各種開心！,1,1,0,0,1
戒菸戒到現在，我發現我戒的其實不是菸，是生活。,1,1,0,0,1
為了避免這波洗板風潮持續擴大，本人決定暫時封鎖其他人的發文權限，小小的搞一下獨裁，以維持版面清潔，待風波平息後會再擇期開放留言，請各位靜候佳音,1,1,0,0,1
已經好久不知道按快門的感覺了，按下時一種懷念的感覺湧現，我到底在幹麼呢？,1,1,0,0,1
我並不知道五月學運具體發生了甚麼，產生了甚麼影響，但我知道Ian Brown寫了這首特別好的歌，而裡面寫道抗議的人們會用檸檬的氣味去對抗催淚瓦斯！,1,1,0,0,1
屋外大雨不停，深思其意，忽有所悟，原是上蒼為我情路坎坷慟哭！,1,1,0,0,1
喝酒誤事，誠心奉勸各位遠離酒精！,1,1,0,0,1
晚上出門手機沒電，媽媽連絡不到我。但是一回家看到媽媽還是幫我留了飯菜，心裡暖暖的。有滷白蘿蔔(只有白蘿蔔喔)還有白蘿蔔湯(還是只有白蘿蔔喔)。,1,1,0,0,1
以前熬夜只是小case 現在熬夜根本想死,1,1,0,0,1
高中的時候，我還不會喝酒。最近突然驚覺喝酒好像已經變成一種習慣了，但我怎麼也想不起是什麼時候怎麼愛上喝酒的。,1,1,0,0,1
原來不只老師被我玩壞了，學弟學妹們好像也被玩壞了？我之前還納悶中婦為什麼只有我會特別點我，現在看來也不奇怪了。聽說有學弟放話說要讓我讀到大六都畢不了業，我可以跪求一個不要嗎？拜託！,1,1,0,0,1
我昨天夢到的是面對這片海的那個地方！我好想再去南方澳喔！,1,1,0,0,1
其實關於今天的比賽，我覺得還是有些話不能不告訴大家。今天是Shaq球衣退休的日子，所有湖人的前輩大佬們都到場了，老大喜歡的不喜歡的都在場，這樣的日子，就算不給老大面子也要給Shaq面子啊！小牛就是一支如此識相的君子球隊！,1,1,0,0,1
我這輩子最喜歡的漫畫！,1,1,0,0,1
可不可以不要讓我禿的這麼快啊老天，至少讓我交個女朋友先吧！,1,1,0,0,1
"一定要轉貼一下強者文青我朋友 Eric Cheng帥神雋永的醒世名言：""我記得《挪威的森林》裡有提到，有錢人的最大優勢是可以大聲說「我沒錢」。就和教授當然可以大聲說「我很混」一樣XD不過當我說我很廢時，就和綠說她窮一樣，很真實又很悲情XDD""",1,1,0,0,1
感謝辛苦的群葛格幫我拿到了去歐洲玩的底片，底片送洗後的期待感讓我一整天都好幸福，咖勳的睡不著覺了啦>/////////////////<,1,1,0,0,1
結果頭條是Monica不是正妹 果然中肯 初半馬當頭條 其實再好不過了~ 巧克力也占盡版面  可惜看不懂日文 2014會更好: ),0,1,1,1,0
特別感謝 Jill Wang 林辰 黃彥華,0,1,1,1,0
2013 待辦事項回顧 1. 健康之國：外頭17度的好天氣，竟然重感冒狂咳嗽的笨蛋正在打字> < 今年參加了最美路跑櫻花秘境、大直美堤河濱公園TAIPO周年紀念、舒跑杯、古亭河濱公園健康跑、花博公園阿甘路跑、樹林閃光夜跑、三星路跑、政大貓空路跑、飛鳶螢光路跑、台北富邦馬拉松。大大小小的比賽，或長或短，或平地或越野，還有那仍有點不敢相信的初半馬。到底自己能跑多久呢?繼續跑，總會找到答案的。周老師的足球課、師大足球社，台北女子足球、三進杯、大專杯加油，騙班上寶寶陪導師踢足球，這一年來的SOCCER 依舊是生活的一部分。詹老師說聽我聊起足球時眼睛似乎會發亮?就好像當年我在談跆拳道時，taekwondo boy 的神情吧？或許，我們都在尋找每一個發亮的契機？妳，找到了嗎?去年的這個時候，小號老師說她得去國立台灣交響樂團吹跨年音樂會，不過今年這個時候，她應該正在德國吧？是否那兒的跨年更開心呢?買了新的樂譜，似乎可以吹更多曲子了呢！大安森林公園怎麼有那麼多伯伯停下來都告訴我他們高中都吹小號呢?瘦了，一點點，應該可以開心一下吧？: ) 2. 英教學生的奇幻漂流：對，我有論文題目了，找到指導老師了！只是現在難產。開學一個月，交了給助教的fake proposal ，下一封教師卡就向老闆坦承教書、論文、身體狀況無法兼顧，於是就這樣擱下來了。好不容易挨到寒假，總覺得至少該碰碰thesis。老師說若是有那一點點動力，就去碰碰看吧！等反感了再說，Monica妳可以的！3. 又見面了，Monica老師：33個寶寶的媽，雖然有時寶寶會離家出走、彼此家暴，加上喊著寶寶們想爸爸。你們的把拔還沒出現，可以不要隨便亂配嗎? > < 教書，似乎還是ok的，至少班上孩子的英語成績相對於其他科而言不需擔心，還又莫名地喜歡英語課勝過家政課? 為什麼家政老師請假上英語你們反而更開心?該煩惱的是每天處理不完的班級問題，寶寶們別再自相殘殺好嗎? 馬麻也會難過的: ( 4. 我們都不完美：寶寶們唐詩背不出來，總是恨不得背給他們聽。Monica 妳學會接受每個人學習的速度不一樣嗎? 就好像妳當初如何摸索小號、足球一樣？或許妳......還必須學會等待。年初寫的祭文，向重要的人道別，她一定會在天堂守護著妳，妳是否，也學會了更堅強面對人生？我們都不完美，音樂如此，運動如此，人生也如此，妳，學會了嗎？5. 如果在台灣，一個女孩：還是沒有遇到一起參加元旦升旗典禮的人，說不定這比跨年的伴更難找?如果沒辦法遇到愛妳一生的郎君，仍然可以期待碰見廝守終老的良人。謝謝梁靜茹的每一首歌，陪我走過每一個接近崩潰的夜。一切都會過去的，揮別錯的才能找到更好的，雖然還是會有想他的一點點衝動。愛妳一世的那一年，會更好。,0,1,1,1,0
跟數學老師有什麼關係呢?,0,1,1,1,0
因為不是正妹，向來不太敢po照片。和當年推甄研究所一樣，還沒考上之前根本不敢告訴身邊的人自己有報名，如今終於完成，或許可以a picture is worth a thousand words.其實對這場比賽非常地害怕，連晚上都做惡夢夢到自己睡過頭不能去跑，一方面也擔心自己要是途中真的撐不下去，該如何是好？報名路跑向來總在雨天自動棄權，只是總覺得好不容易決定報半馬了，怎麼可以因為幾滴雨而退縮？早上惡夢驚醒，還沒六點就踏出宿舍，師大路口看見三位背著衣保袋的學生招計程車，有股衝動想與他們共乘，卻還是沒膽，只好一個人往捷運站前進。整個台北的早晨都屬於跑友。市府站的人潮，是每台手機相機的第一張照片。停下來，紀錄擠滿樓梯的人群，往前走，成為風景的一部分。不算小的雨夾雜幾千人的開跑，19度的天空下似乎不因背心短褲而寒冷。擠了很久才真正起跑，踉踉蹌蹌閃人閃水坑，不到一公里右腹輕微疼痛。這還得了，那接下來的20公里怎麼辦？謹慎注重呼吸，不因旁人的前衝亂了步伐。真的跑得完嗎？沿途的啦啦隊很是夠勁，拿著板子的高中生、一身潔白婚紗的女孩，拉著二胡的盲人音樂家。笑著叫著，擊掌歡呼，連一旁清潔人員垃圾桶的金屬撞擊聲，都好似為跑者加油。忙著看風景、調速度，想著5k時應該會有個水站。眼前卻來個7K，我錯過了什麼？7.5K喝口水，再往前吧？能不能跑完還是個問號。到了北安國中正好是 8:30，10K，我平常自己的練跑，就是這個距離，那接下來怎麼辦呢？下一段的海綿站補給竟然有台啤？女跑友自備環保杯裝滿了一大罐滿意離去。運動喝酒 不是很傷身嗎>< 12.5k 出現了香蕉與餅乾，鬆鬆腿，咬著食物，心裡盤算著接下來該怎麼持續下去。看看路名，大概到了南港，足球社偶爾會大老遠去練球的地方。每一回都坐了好長一段 捷運，這回竟然是用跑的?13K，開始更新人生路跑最場距離。老實說我也不知道自己到底能跑多久，至少在身體還不痛之前，我會盡力地跑。開始出現從來也沒看過的風景。台北，一個待 了近八年的城市，連公車都沒坐到過的地方，用雙腳，踏到了！下一回，我可能可以說：「喔！我去過堤頂大道/麥帥橋了，用跑的！」15K，呼吸，比想像中的 順。兩片餅乾加香蕉加水加運動飲料，好像已經跑了一半了？休息不能太久，只要一停下來，再起跑就會感到涼意，快動吧！「加油！」視障跑者與領跑員的經過，引起一陣歡呼。如果我看不見，會不會仍想奔馳？前進的當下，是否會埋怨看不到的美景？盲眼的跑者，淡定地微笑感謝每一 聲鼓勵。折返點的感應器發出刺耳卻振奮人心的ㄍㄧ ㄍㄧ聲，17.5K，也不知道是怎麼跑到這裡的？不過應該只剩半個鐘頭的路程吧？應該還可以吧？進入基隆路，眼見前方前往和平東路的標誌，忽然一股感動。那條我走了千遍的路啊！雖然不是這場比賽的路線，看到熟悉的幾個字，似乎也是種預示吧?進入地下 道，出現的不是19K，而是剩下2k的牌子。相較於路上的風吹雨打，無雨的地下道雖然打了光轉了風扇仍嫌悶熱空氣不良。或許這是為什麼大家都prefer 微雨而非豔陽的跑步天？開始和全馬回到同一條路。幾位高手衝過了右邊賽道，半馬的人群報以敬佩的掌聲。全馬追過半馬呢！可惜還是太慢，無緣遇見前幾名選手 的英姿，那時速二十公里的馬達。過了地下道，回到平面。加油團又多了！最後1公里。漸漸轉回信義路、光復南路，相機更多了！忽然，兩個多小時的路程，第一 次真誠地盡情搶鏡頭笑得燦爛。最後600公尺，前方女孩背上貼著「今天我生日，初半馬達陣」。追上她說聲生日快樂，然後跟著邊跑邊唱生日快樂歌，慢慢超越 今日的壽星。終點，一個獎牌，其實只要跑完就有，不管有多慢。很丟臉，但是眼眶有點濕。不敢相信的自己，淋滿雨水的身軀蓋上藍色大浴巾，那個去年跑9k時看到別人披著 都很羨慕的大浴巾。領了衣物拿了點心躲到市府地下室收操啃麵包。大包包脫襪子坐地上就像個流浪漢，身邊或坐或躺，每一個都是戰勝自己的流浪漢。笑著、拍 照、聊天，向認識或不認識的人露出肯定的神情。換上衣服前，留下了身影。幫忙公館團接力賽時買的健人就是腳勤帽，大會的背心，新一季師大足球社的客場球褲，託大維學長買的我的第一雙NIKE足球襪。跑 步，是生活的一部分，soccer也是，milestone的完成，是生活每一部分的小小累積。我想讓自己最重要的一切都參與這場盛宴。未來，我會記得， 那21.0975公里的勇敢。,0,1,1,1,0
Lingming Tseng 這一張照片已經很高調了 恭喜破半馬PB : ),0,1,1,1,0
Rg Chou為什麼要從頭到腳想一遍?,0,1,1,1,0
我想要手工餅乾或烤布蕾> // < http://www.sweetsrun.com.tw/content/,0,1,1,1,0
好難... 感覺上數學系的對這幾個字會比我還熟> <,0,1,1,1,0
http://www.oshare.com.tw/activity/xmasrun-2 雖然說跑步的成分可能不大 但是感覺好像很好玩? 有人想報嗎?,0,1,1,1,0
那是在文薈廳還飄著麵包香，師大路上還買得到大碗公牛肉麵的年代。(國語中心的學生問為什麼只賣公牛肉的麵？)剛踢完在花蓮的大專盃，BBS上一聲吆喝，還很熱血的一群人聚在地餐孕育第一場校內足球推廣賽。為著一個小小的夢想，七嘴八舌：讓更多人享受足球的樂趣，在師大。 似乎就是從活動命名開始的吧?或許充滿外籍球員加僑生的隊伍可以勉強稱為迷你世界盃，然而國立台灣正常大學的小小三對三(對的 第一年的比賽只有3v3) ，竊取FIFA的名號似乎有些不妥。於是什麼名字都來了！「要不要叫心滿意足?」 「心滿意足是不錯，但是聽起來有點娘耶！」「在師大的比賽，就叫師大盃好了！」 「師大盃聽起來有點像吃大ㄅㄧㄢˋ 耶！」「既然是師大足球，就叫師足盃好了！」 「師足盃，一失足成千古恨~」 「唉喲！馬克杯啦！」 不知道是誰神來一筆：「就叫三進盃好了！一二三的三，進球的進，聽起就很吉利！」「對耶！感覺上就可以進三球！」此起彼落的附和，就在表決之後，高票當選。此時，時任社長的謝三進學長很為難地說：「你們這樣，要我怎麼去向學校申請經費?」最後社長到底是怎麼跑公文、借場地、做宣傳、辦比賽，就是另外一件事了！為了紀念師大足球社第三任社長，一股傻勁種出的果實。從鬥牛到futsal，一屆又一屆，連傳奇性的學長都已二度撥穗，三進盃依舊開打著。在那翠綠的球場， 奔馳著傳承的夢想。數到三，你進球了嗎？ ~~~~~~~~~~~~~~~~~~~~~~~~~~~~~~~~~~~~~~~~~~~~~~~打這篇回憶錄好像會不小心透漏自己的年齡> < 其實我只是想要宣傳三進盃而已！有興趣的朋友趕快報名吧: ) 2013年『三進盃』五人足球比賽 時間：民國102年10月27日(日) 早上9點至下午5點整。地點：國立台灣師範大學分部公館校區體育館3F 對象：國立臺灣師範大學全體師生(含校友)。官網:http://ntnusoccerclub.weebly.com/2796321205-events.html facebook 活動頁：https://www.facebook.com/events/527437170660455/?ref_dashboard_filter=calendar— 與謝三進,0,1,1,1,0
好閃的路跑...,0,1,1,1,0
"開學三個星期，就如小孩在聯絡簿上所說：班上漸漸上了軌道，知道什麼時候該做什麼。雖然說還是一樣很混亂...因為某些原因，一個星期加上課輔竟然有20節課，這明明是專任的鐘點，可是我明明是導師啊: ( 不過嚴格來說，相較於備課，反而是要掌控一個班級比較困難。譬如說去研習個兩天，據說校長就來敝班關切一次，生教來罵個兩次，學生有送訓導處，也有去輔導室的，你們就是一天不能沒大人對吧？每天回家總是班務haunting 坐在電腦前一個字也寫不出來，都不知道論文要怎麼見老闆。父老不在江東也在彰化，要怎麼才能定靜安慮得呢？(寫這段當每日抄寫，告訴小朋友這是《大學》裡的句子，小朋友問：「所以這是大學教的？」此《大學》非彼「大學」啦！)生活中的小確幸：1. 孩子們漸漸知道要迎合導師，教室佈置投票自動出現柯南、哆啦A夢、足球等選項，還有人提議要貼一窩寶寶的照片: P 忙了兩個星期的第八節，終於快完成了！結果學生接下來第八節就要開始考試了...他們還真是沒有四點就回家的命 2. 高關懷的學生家開便當店，去了一次之後孩子每天問我要不要去她家吃晚餐？3. 亞斯伯格的孩子每天早上第一件事是告訴我他搭幾路公車來學校，回家前會先來報備等會要坐哪班公車。連假前竟然告訴我：「老師，如果休業式那天是半天的話，我帶妳去坐12路公車。」 (那我不就要跟你坐到中和嗎?還得自己坐車回來) 開學不到一個月，就已經計畫到休業式了！真是個深思熟慮的孩子...4. 天使班計畫之終於在教室佈置完的第八節騙導師班小孩去踢足球了！不知為何捕不到魚的網，卻是小孩第二天聯絡簿心得中最回味的遊戲。(三進學長他們之前到底是怎麼抓到大家的?) 為了保護學校的玻璃，還特地買了四號的低彈跳球。很多孩子是第一次踢球呢！脫韁的野馬第一次合法在草地上奔跑，十幾個人搶一顆球，誰也傳不出去，單純地就像第一次碰球的自己。倒不是和孩子們玩球滿足自己的私心，而是像孩子自己說的：「昨天班上踢球之後感情有變好。」那就夠了...5. 開學第一個禮拜過於崩潰，天主終於派了我的天使來撫慰我。就憑那一點能量，再困難也要撐過去。Tomorrow is always a fresh day, with no mistakes.",0,1,1,1,0
一定要相信，茫茫人海中有一個人有那個心，陪你走那一關,0,1,1,1,0
How often does Monica make chocolate? She makes chocolate twice a year. She seldom makes chocolate.感覺就可以教頻率副詞...七夕已經過了好一陣子，終於趕出巧克力了！依舊沒有對象的情人糖，願送給有緣人一點點甜蜜祝福。份量不多，一人一顆，意者請留言預約，Monica將親自送到府上: )Dear 706 一個班有11個小孩愛打籃球，我該不會教到了個體育班?要是這11個學生喜歡的是足球，我應該會覺得我教到天使班吧？ 那麼乾脆計畫推動讓剩下22個學踢球好了(誤)未來的這三年，也許會很挫折，但也許也會有意想不到的收穫。Monica與孩子們一起努力吧: ),0,1,1,1,0
"第一天的導師，一整天神經緊繃。害怕自己丟三落四，害怕無法駕馭學生，害怕孩子發現我是個菜鳥，害怕突如其來的不知所措。特殊學生第一天就在集合時被生教組長叫去罰站，只能在一旁猶豫是否該和組長討論孩子的狀況。高關懷孩子一早沒吃早餐昏眩後倒在保健室，被列為重量級的學生果然早自修後就被教育班長偷偷告狀。Monica妳還可以再崩潰一點啊！還是有好事發生，抽到四間新的廁所，應該比較好打掃。Autism spectrum ，特教組說這個個案是可以溝通的，今天很明顯地看出他的固著行為，但目前還可以處理。To be highly cared 小帥哥是運動高手，參加過三種運動校隊，其中一種還是足球！所以，我們應該有東西可以聊吧?所以，為自己加油吧！事情一定沒有想像中的那麼糟，真正的糟，妳現在也還沒想到，對吧？Everything happens for a reason, and chances are that it would be a good one. Keep fighting !",0,1,1,1,0
2013.08.16彰化夜跑俱樂部 與爸爸: ),0,1,1,1,0
Oops！今年還沒做巧克力！今天才回家，這幾天去買材料吧！復職之後就可以做巧克力當小朋友的獎勵了: )每年的情人節加七夕發一篇文，好像已經成了一種習慣？前幾天參加樹林閃光夜跑，提早適應帶導盲犬出門的日子。以七夕為主題，男孩配有綠色眼鏡，女孩加上蝴 蝶結髮飾，電池打開好亮眼。人人套上螢光手環，閃閃發光，連補給站的糖果都是愛心型的。從鳴槍開始一對對手牽手向前奔跑，體力不支的女孩由男友親自揹到終 點。情侶檔綁紅線兩人三腳趣味競賽，心型許願版掛上只有兩人知道的愛情密碼鎖，親友團備妥氣球、花束、大看板I love U，等著公主說Yes。從樹林跑到鶯歌來回，折返點還是造型鵲橋，一個人，見證了幾千對愛情。由衷盼望，有情人終成眷屬: )媽媽問我跑那麼久是省了多少車票，算一算樹林到鶯歌坐火車來回好像也只要28塊，真是「做不夠車錢」啊！前兩天第一次參加台北女子足球練習，好久沒踢球了 > < 教練兩歲半的女兒是整場的焦點，小小年紀就想追著球跑，教練想著送她到晨光訓練，可惜晨光最小的也有四歲，女孩們搶著說要讓小睫寶打破紀錄：「會走路就可以踢球了！」教練：「帶她比踢球還累！」好希望以後也可以帶著自己的寶寶去運動，什麼球類都好，看著孩子跑來跑去，那樣的累，必定是心頭上甜蜜的負擔。所以先找個伴吧: )或許今天真的是一個羅漢腳特別感到孤單的日子。不過，總覺得在這麼浪漫的一天，只要看到fb上有同學好友的sweet pictures，就會為了他們感到幸福。婚紗、新生兒、大餐、國外旅遊，還有什麼慶祝方式我沒看到呢?「蒹葭蒼蒼，白露為霜，所謂伊人，在水一方。」美女國文實習老師上了詩經，下課同學跑去問老師：「怎樣才知道那個人是對的人呢？」老師分享了大二那年的與男友的電話對話。老師男友：「我要去還書給師大的同學，順便去看妳，妳有沒有空？」老師：「我沒聽到，你再說一次。」老師男友：「喔~我要去看妳，順便還書給師大的同學，妳有沒有空？」對的人，要遇到，也要培養。不管道路再阻再長，屬於妳的人，有一天一定會出現。七娘媽的生日，就算沒有人陪，還是可以真心祝福天上地下的牛郎織女吧？七夕情人節快樂！,0,1,1,1,0
<國中生的父親節> Monica：「今天是八八節，你們回家要跟爸爸說父親節快樂！」學生A：「八八節為什麼沒有放假？」學生B：「八八節有什麼用？八八節才送兩顆寶石。」學生C：「對嘛！八八節應該要送88顆寶石。」學生D：「今年是2013年，應該要送2013顆！」孩子，你知道嗎？你的爸爸，是365天都沒有放假的。你的爸爸，是3102顆寶石都比不上的。抱抱你的爸爸吧 ！他已為你蓋了一座愛之塔~林澄洲 林俊偉父親節快樂: ),0,1,1,1,0
我想為這個回台中 我說真的> < ,0,1,1,1,0
今天結束這學期的全部課程了，雖然還有紙本報告如今仍不知身在何處 心裡有種又充實又落寞又如釋重負的詭異感覺 只是有點不敢相信，當初大家互相打氣說再撐一下再撐一下，然後就真的撐著熬著就到期末了 ......雖然還有紙本報告XD 和新朋友熟悉了，和新環境熟悉了，也和這個小小的窩熟悉了，到目前為止算是平安地通過一個關卡了吧 希望2014年一切都會更好，也希望我身邊的人都能平安喜樂，獻上遲來的新年祝福,1,1,1,1,1
在壓力中找到自己的步調，找到快樂的方法,1,1,1,1,1
和陪我度過台北新生活的 吳岱螢 一起 謝謝妳和我一起適應這樣的新生活 和我一起經歷了很多第一次的經歷 一起吃了很多美食紓壓 然後還一起被妳表哥騙去跨年 煙火看個三分鐘 擠在車陣裡大概有個三年吧我想 哈哈 2014年繼續加油 — 在禾丰烤炭火燒肉 ,1,1,1,1,1
12/19/13 聖誕趴 有個人說要做怪表情 果只有他做了@@ 李柏緯你這算是被集體出賣嗎XD,1,1,1,1,1
覺得恐怖。,1,1,1,1,1
結束報告後好多了 早上突然覺得很緊張><,1,1,1,1,1
我的書桌旁邊堆了一疊書在等我,1,1,1,1,1
好~~ 明天下樓挖挖信箱,1,1,1,1,1
忙到無法過聖誕節的聖誕節 但幸好還有朋友陪伴互相支持鼓勵打氣 謝謝有人鞭策我出門XD 還有溫馨的小點心 再一下下，就快要撐過去了 祝大家聖誕快樂^^,1,1,1,1,1
對面房客忘記帶鑰匙被反鎖，大半夜的對方一時也不知道要怎麼辦，半夜找鎖匠也真的是蠻貴的 記得上次我也忘記帶鑰匙出門，當時真的很驚恐，記憶猶新，想想現在特別還是半夜，對方應該也很慌張，我也剛好還醒著，就想說看看可不可以幫什麼忙 然後......就悲劇了XD 對方上網查了些方法，跟我借了些工具，其中包括我的鑰匙 聽他敲敲打打的大約經過了一小時之後，對方敲開我的門跟我說 「我把妳的鑰匙弄斷了......」=口=!!!!!!!! 鑰匙真的斷得超徹底的，我實在不知道是怎麼弄的 而且老實說我覺得.... 超好笑的XDDDDDDDDDD 尤其配上對方超級手足無措的表情 結果還是找了鎖匠XD 但是我得重打一份鑰匙= =,1,1,1,1,1
因為一直看不懂理不出頭緒，看著時間越來越近，緊張到發燒拉肚子，然後因此浪費掉更多時間，結果無法依預期地完成，幸好還是堪堪地闖過一個小關卡，雖然整個過程都很心驚膽顫T T 謝謝大家今天一直鼓勵我幫我出主意>< 被指出很多不足的地方，希望可以慢慢改善，然後試著調適心情 加油:D — 覺得意志堅強。,1,1,1,1,1
(半夜了，所以來個無聲吶喊),1,1,1,1,1
回到租屋處，坐在床邊沉澱一下後覺得挫折感還是很大 感覺眼淚快掉出來了趕緊爬起來刷刷浴室，洗洗衣服，擦擦地板，做些瑣碎的事情後，再度坐回床邊，突然又覺得這也沒什麼，繼續努力增進自己才是最實在的，雖然速度慢了一些，但是至少每一小步都要穩穩地踏實，就算笨拙了一些也沒關係 可能是我今天收到了很溫馨的小禮物，所以心情恢復地特別快 果然禮拜二下午都會有很多感慨:D — 與 Debbie Chang,1,1,1,1,1
慢慢地變成一種習慣了 禮拜二上完無敵緊繃的語法學晚上，就是要帶著耳機，無限循環手機裡的音樂播放清單，用很慢的步調走在人行道上，和馬路上熙熙攘攘的人潮擦肩而過，到任何一間大賣場來回晃著，然後再走進路上某間小吃店，一個人享受晚餐，整理好心情，回家後繼續努力 大賣場真的好治癒啊，就算什麼都不買也會很開心,1,1,1,1,1
學弟妹的公演 大家多捧場喔:D,1,1,1,1,1
大半夜的，assignment弄到一半，突然有點感傷，索性放下paper，翻了翻相機裡的照片 雖然叫妳們不要哭，但其實我回來的路上自己也有數度想要落淚的衝動 果然還是很想念 有王琬晴可以勾著手走路，有Hungwen Chen可以分享意見，有黃思嘉可以撒嬌，有ChuChun Hsu可以欺負，有吳岱螢可以吐槽，有賈甄甄可以又欺負又吐槽 (誰叫妳沒來台北XD) 的日子 但是時間一直在前進，我們也要好好經營當下和未來，回憶就把它放在腦海裡，偶爾拿出來細細品嘗一番，微微一笑，然後繼續加油，因為還有更多回憶會被創造出來，在未來每個又再相聚的時候 合照只有這張，只能放它了，幸好大家都很美，只有我最醜XD,1,1,1,1,1
在露臺上往下眺望的時候，看到一個男人胸前背著相機和女伴相攜走過去 友人A於是問我們: 你們會想要跟背著單槍的男生交往嗎? 友人B:.......是單眼吧 我絕對不會說友人A是 吳岱螢的,1,1,1,1,1
面對它，解決它,1,1,1,1,1
我剛剛打報告打到一半，想推個眼鏡，結果眼鏡左邊的腳斷掉了 我很樂觀地想說；「哼哼哼，不要緊，我有另一副眼鏡！」 結果悲劇，放在台南沒帶上來 又很樂觀地想說：「哼哼哼，不要緊，我有隱形眼鏡！」 結果又悲劇，隱形眼鏡沒了 不要緊，我還是很樂觀地，我帶著缺了一隻腳的眼鏡打完報告了 雖然他一直歪成45度角橫掛在我的鼻樑上,1,1,1,1,1
"要睡著前突然想到還沒回覆大家的祝福 好突然, 23年ㄧ下就過了 出現在這23年中, 每個不同時期的你們, 我收到你們的祝福了 我現在很努力,在為未來的更多個23年奮力不懈 雖然過程少不了驚慌害怕, 有時也很無力無助, 但是還有更多的充實感 謝謝這23年出現在我身旁的你們, 謝謝你們和我創造共有的回憶, 謝謝你們的祝福 我會繼續加油的! 生日快樂 大家都快樂",1,1,1,1,1
耶賢姊，莫非是可憐沒人愛那種(哭倒) 佩佩姊，真的好久好久了欸...還是我們就安排私人行程幽個會啊 白姊(還是妹?)，畢竟見不得人吶~~~ 蔣哥哥，我也好想要跟光劍照一張 Evangeline: 那麼驚訝啊(抓頭) Leo: 好久不見!!快回來找大家吃飯聊天! 龜山唉呦：還是就跟姊一起私密幽會(是要多私密),1,1,1,0,1
龍哥息怒(跪) (是說我真的很想聽看看那場演講啊......!) 學姊，有機會跟妳說說整個過程，也想順便跟學姊請教其他問題了(雖然也不是什麼大不了的事啦......),1,1,1,0,1
與其說是被N1難死，不如說是差點被鼻塞塞死。但也練就了在口罩裡頭用鼻子吹泡泡的功夫。重點是，公館看感冒的話有甚麼推薦的診所嗎......,1,1,1,0,1
關於政大英文系（或說大部份英文系）文學課被越砍越多一事，我覺得此風實在不可長，因此決定要投個書給主任跟院長了。希望不論系友或非系友，只要關心此事、也有興趣寫個短文的麻煩聯絡我。我希望一週內可以先送出一些（又或只有我一篇）上去。謝謝！,1,1,1,0,1
看到學生考前焦慮爆發不禁覺得⋯⋯挺___的（充滿憐憫心）。,1,1,1,0,1
久沒看戲，近期看了兩部作品都覺得有很值得推薦的地方，其中一部是台南人的《安平小鎮》。今天下午跟晚上在新舞臺都還有演出，如果願意花些時間跟金錢看戲，這部會是挺好的選擇。雖然在劇中鄉愁難免被物化，但若能把一個故事說得樸實、說得令人動容，那又何妨呢？至於「看戲」，總是要看些「非舞臺不可」的元素，這一點我覺得第一幕的導演手法跟音樂則搭配得非常引人入勝，也算值回票價了(甚至願意再看一次第一幕)。不知道在這邊簡單寫個幾句能起多少宣傳作用，總之，若各位今天突然想進劇場看個什麼的話，可以支持一下這個作品啦......(唉，這時難免感受到評論之卑微由......),1,1,1,0,1
雖然編曲難免讓人想到蓋西文、MV難免紅磨坊(以上兩點特別是在各自結尾處)，但論編曲及旋律的精緻(聽那活靈活現的游移)，讓人真的不知道台灣流行樂錢都砸去哪裡。明明優秀音樂人那麼多。今天若是椎名林檎的〈迷彩〉你說她非主流那就算了，這是IU欸!!!(大叔魂),1,1,1,0,1
椎名林檎怎麼這樣啊!!!!!!!!!!!!!!!!!!!!!!!!!!!!!!!!!!!!!!!!!!!!!!!!!!(一夜吶喊 喊完就算),1,1,1,0,1
人一生中可以有一連串危機，但有的危機僅是過眼雲煙，有的卻是烙在身上一輩子。人生是否因此危機四伏？啊，這也得讓「危機」成為身外之物才行。像是聲音這玩意，已不是「身陷危機」的範疇、而是「聲」陷危機的死胡同。「聲線」？那太悲慘了，不適合南部的陽光。又有誰說了，人在南部、南部有陽光，一切就非得依從陽光不可？說到陽光，有人總愛講「見光死」，那是種「鬼」的假設。偏偏「鬼」總有其十八般武藝成為最浮動的表面。知道嗎？現在已經是表面當道的時代了。打水漂不曾在我童年佔有任何地位，我第一次打水漂已經是大學二年級暑假的事。打水漂怎樣算結束？進入深度時就是結束。聲音跟身體誰先死？這問題還要考慮嗎？「幻想朋友」這回事我是從卡通看來的，說是小孩都會在心中捏出一個形象，和那形象對話、相處、「交朋友」。似乎是到七歲前，這種現象都還算「正常」。我 忘了自己有沒有交過幻想朋友，但我一直到現在的確是不斷被一種幻影尾隨。那幻影該怎麼形容好：首先你得進入夢境，看到自己拿著清透亮紅的氣球。然後你以身 為自己的眼光透過氣球向太陽望去，感到刺眼、一種被「緩衝」過的刺眼，刺眼的瞬間你閉上眼睛看到了太陽的負片顯影，然後又因為這種顯影效果讓你得以瞬間站 在太陽的角度看你自己。那是你自己的形象，夢裡的你成了雙重影像。或許這就是對於自身所有可能性的開創；也可以是幻想朋友曾經存在的證據。似乎已經和你一點關聯也沒有了，但又不時出現來騷擾一番。鬧鬧就走，徒留一陣總是慢半拍的喧鬧。安穩拿到十二學分，幾乎天天過著趕進度至上的日子；雖然有點辛苦，倒也讀得開心、讀得充實。社交生活少了點，與陌生人談話的機會（意即，打電話訂餐廳）更是屈指可數。算了，不用伸手了，根本就沒有。暑假開始了，整個人的生理時鐘不算完全調到休假心態，但至少心情上還算輕鬆愉快。把一些看了開頭的小說或散文或只看片段的電影都清理掉，順手也買了一點想看 的書。的確，聽起來還不像有增加任何一點社交生活。但至少睡夢中遇到庭堅的話他應該還不會以「面目可憎」為由拒絕和我談話。以往都透過一次又一次的朋友聚會場合把時間給標記起來，這學期以來這招就完全失效了。那還剩什麼？這時身體就算派上用場了。證據：頭髮又該剪了。「你好，我想預約剪頭髮的時間，請問X明天有空嗎？」「明天的話X都約滿了。」「那後天呢？」「後天可以，小姐您要約幾點，要消費什麼服務？」這句的衝擊有兩重：一、難道開宗明義的「剪髮」底下還包括了更深層的暗示，比如說剪的髮不是頭髮整體，而是髮尾，所以對方必須再次詢問？二、我太過鬆懈了，所以太久沒聽到的「小姐」一詞又出現在電話裡頭。（在此出現的第三點，屬於「鬼」的第三點：你聲音那麼陰柔，我都聽得出是男性了。這是下戰帖嗎？）南方夏日赤炎炎，心中田水冷冰冰。料是對方聽出我語中尷尬了，但下一句仍舊：「那我跟小ㄐ……跟您確認一下，」以下省略。人生危機能有幾重？那人聲危機算不算危機──大概都是對方的危機了，我動的是扼殺溝通可能的開關。忘了說，幻影可以是聲音。這跟朋友在捷運上被誤認作孕婦比起來，誰比較糗？啊，至少我仍有機會不露臉。2013.7.5,1,1,1,0,1
我對當兵（註：國防部，與內政部無涉）的概念是：總是會退伍，加起來的時間甚至抵不過一本年曆，說痛苦也不過是牙一咬就能過的事。國家逼著你做些你 平常不會做的事，其實是讓身體與大腦間定型了二十多年的協調（或是兩者間的主從關係）徹底重組一次。讓身體的重要程度比大腦多一些，瞬間所有事情都變得更 「簡單」。有體力、沒體力；服從、不服；管教、聽從。完全是結構能解決的事情。偏偏人生來就是個後結構主義者，所以當兵這事就變得複雜了些。再 怎樣的折磨或痛苦、屈辱或不堪，現在回頭過去看就會發現，時間畢竟是客觀的，即便在那當下秒針的每個跳動都是讓人難以置信的紮實。以為時間走得慢，事後就 會覺得其實沒什麼；而它正客觀跳動時，卻似彈指瞬間把所有當下捲進洪流裡。時間是跳動的洪流；因為它跳動，使我們可以力圖穿越時間的空隙，雖然這往往是透 過想像得來的幻覺。發呆不失為一種策略，可以透過虛空填補時間的虛空，只可惜兩種虛空少有擦出火花的機會。或許是好事：那火花似乎是種證照，告訴你：你不 正常、不理性、去藝術那兒走走看看有沒有你的房間躲起來罷。當兵則是完全否定了上述的事實，所以一切好談。當兵整段時間在 回憶裡可以說是一張照片：羅蘭巴特觀念裡的照片，而不是班雅明的照片。巴特的照片裡沒有過去、沒有未來，只有當下、作為當下的過去；班雅明的照片裡則是三 者兼具。我們很幸運能以讀者的身份來選擇記憶裡的那段時間到底是什麼。照片。電影。小說。詩。偏偏是照片，偏偏是一些你知道怎麼也修不了圖的照片。而當兵以外的時間我們都在等著變成班雅明的照片。「認命」一詞因此不該用在像「當兵」這種明知有結尾卻以為它綿延不絕的事情上；我們認的是同時包含過去、現在和未來的「命」。自始至終就是等待最後一刻，也認知著最後誰也躲不了一死，所以搶著說「我認了」。或許這就是去年的某個瞬間我得到的結論：我認了。能說這句話也是種福氣。但這或多或少需要一點勇氣，畢竟，很多在外人看來一目瞭然的事情我們徹頭徹尾蒙昧而不自知，或不願意自知：有誰想打破平衡呢。一句話點評：機器人式的生活終於可以暫時告一段落了啊啊啊啊啊啊啊啊啊啊。結果整篇主旨變得像劉墉的某本書名。其實我只是想說為何我感受不到那股暑假到來、一切如釋重負的感覺呢（抓頭）。買宵夜去。然後看看咱國家最近進步到哪個神話國度去了。啊，恭喜考完專業考的各位啊！,1,1,1,0,1
論文裡為了牽就時代雜誌的寫法，把KSK寫作KZK，但無論如何我已經習慣了KSK近十年了。專輯上寫的也是KSK。不知到底是哪個環節造成發音與 名稱的差異了──雖然在論文裡我把它稱作紙本之不可信任。大概是德希達那種，永遠都指不著一個穩定的靠山。那本時代雜誌可是一出刊我就買的，當時英文程度 完全駕馭不了那樣的難度，幸虧有中文對照。兩千零三年的事，國三，我弟現在的年紀。在那之前我幾乎不聽流行歌的，連音樂劇都有點嫌粗糙，覺得那不過是寫不出歌劇的人妥協出來的產物。也因此到現在聽到有人會把音樂劇講作歌劇，心裡難免疙瘩。都十年了還這樣狂熱，看樣子自己根本沒長進多少。最 一開始是在半夢半醒間。國三週末補完基測衝刺班後我會在車上小盹，然後再去上鋼琴課。是黃子佼的廣播吧，專門介紹日本流行音樂的。（附帶一提，當時韓國的 流行勢力才準備崛起而已，在台灣主要還是以「哈日族」居多──哈日哈韓這樣的說法到現在竟然還不帶一絲古板味，著實讓人驚訝。原因為何，有請後殖民研究專 家來解答了。）鋼琴課前的小盹總是帶點緊張入眠，深怕本來就練不熟的曲子（常常是徹爾尼等流）彈得跟沒練過一樣、更怕自己花了時間練的曲子在老師面前彈得 連滾帶爬的，莫札特彈成普羅高菲夫云云。那天小盹一邊聽到廣播傳來的是銅鑼敲打聲、還佐著笛子聲自顧自的吹奏旋律，好似那陣鑼鼓敲打與他無關，笛子的世界和鑼鼓的世界同時並置。耳邊傳來佼佼一邊評論說「她的歌還是一樣特別」，或是這類的形容。忘 了多久之後，在電視上正式與她照了面，那首歌的歌名有點長，叫〈莖～諸侯出遊篇〉。對於一個只聽古典音樂的小毛頭來說，如果能在流行歌裡聽到大量的弦樂或 管弦樂配置，大概就覺得那首歌很了不起了。「不錯嘛這首歌」──的確如此自命清高、狗眼看人低。什麼無聊的流行歌、什麼罐頭節奏罐頭歌聲。我一直認為，有 的歌手在灌錄唱片時只要照節奏念歌詞就好，然後電腦就可以把那些聲音變成風靡大小夜店的電音舞曲了。然後我還在夢想哪一天可以把普羅高菲夫像呼吸般彈出來。現在一想，才覺得這根本就是生活過太好的人才會有的渴望。猶記當時國中班上還有著彼此交換CD聽的風氣，而且裡頭都會附上一張自己寫的介紹文章。我不敢說自己首開這種風氣，但至少就現在而言，也算充滿人情味的做法。我忘了當時有沒有逼誰聽荀白克的《月宮小丑》，有的話那還真是辛苦你/妳了。也記得椎名林檎發行了《加爾基　精液　栗子花》之後，我有多瘋狂的拼命想把這張唱片借給別人聽。發音其實是「Karuki Za-menn Kurinohana」，但專輯上把縮寫寫作KSK。這張專輯從2003年2月23日發行至今也接近十年了。十年的經歷，遠遠看來其實還沒什麼好談的：國中、高中、大學、當兵、研究所和研究所。還有看到弟弟到了當年自己的年紀，原來我們做事和思考風格相差了十萬八千里。當然之間也伴隨了相遇和離別，有的是生與死之間的差別。而對於這張「到現在在我心中排名仍然是第一名」的專輯，眼看就要發行滿十週年，竟然內心產生了一種瘋狂歌迷才會有的焦慮：angst，差不多是這種程度。不做些什麼可能會遺憾終生，也不能狂喊「哈雷路亞嗆斯」的焦慮。於是這種焦慮併著外文所研究生或許應該隨時保持在心裡的焦慮，兩者一同在學術研討會中找到藉口了。藉口就是，如果我可以在研討會中跟別人聊聊這張專輯，又如果這的研討會辦在國外，機票又有學校可以分擔，何樂而不為呢？反正將來沒機會去念書，去那邊發表個十五分鐘，當作撒野，也好。我 不知道這個名叫「Harvard East Asia Society Conference」的碩博生學術研討會到底骨子裡想找的是誰來發表，或者他們想尋找的亞洲是怎樣的亞洲；但對我這個歌迷來說，研討會的本質是什麼好像 也不太重要。我想光是打出哈佛這個招牌就夠讓人目眩了。於是秉持著學界裡大家都很討厭但又爭相採取的「把一切寫玄」的策略，順利通過大綱的審查，月底可以正大光明的請假，出國當歌迷了。或許我該做個牌子，上面寫著：「椎名林檎《加爾基　精液　栗子花》發行十週年紀念活動　開催」。大家都喜歡把巧合當作命中注定，但這兩種東西本質上完全抵觸。論文發表的日子是2013年2月23日，正好是專輯發行十週年整，不多也不少，除非你要算進時差。好巧，根本就是注定。「把巧合當作命中注定」，悲觀的人覺得是世界末日，樂觀的人認為是生命的美好。上了一個學期的德勒茲，我覺得他就是樂觀解讀這句話的人。也因為美好，所以不該把其他種巧合當作衝突，而是另一種美好，所以他的世界裡都是花，少女漫畫人物角色登場時出現的那種花。一旦彼此抵觸的事物共存了，我們還有什麼好報怨的呢？這大概就是奇緣吧。我只是想要再說，這張專輯真的是流行音樂裡的傑作，快去聽。椎名林檎《加爾基　精液　栗子花》發行十週年紀念活動，開催！有沒有下一個活動，天知道。感謝有看到這裡的人，但我想特別問的是，下學期這些課：[NTU] 城市與現代詩 臉面理論 嚴肅小說 [NCCU] 美國戲劇多元文化論 有沒有同學會修課呢？特別是政大的課因為我前兩週都無法到課，但是姜仙女的課錯過了又很可惜，不知道同學能不能幫我在第一堂課(+姜仙女的第二堂)錄音呢？雖然第一堂課通常是不會講什麼啦。請假的事，我已經寄信給老師們了，但是東耿還沒回信。（或是他從來都不回信的呢？）拜勒為，刻意滯留紐約(偷偷玩樂)至今也五天了，大樓很高、博物館很威、嗯逼欸很熱鬧(?)、Wicked 的新Elphaba很棒，但林盃還真的是有點想家了。這個城市很城市，或許我該說「太」，但又好像不該用自己這鄉巴佬的眼光來看。,1,1,1,0,1
日文之博大精深，原來語言裡的情緒是這樣來的。就比如說，明明不喜歡鬼片的，遇上了恐怖的場景後理當大罵「幹」、「幹你X」。日文的恐怖除了是「可愛」的念錯版外，若是要寫成音讀的「恐怖」的話，拼音就是「きょうふ」。啊，如果你不知道要怎麼念的話，念作：kyoufu。一起練習很多遍的話就會是：kyoufukyoufukyoufukyoufukyoufukyoufukyoufukyoufukyoufukyoufukyoufu有沒有發現，日文在形成之初，在準備開始要形成差異時(德勒茲?)，就把情緒考慮進去了。但是，日本人英文不好的刻版印象也一起形成，因為fuck拼成fuk了。把這個當期中報告交一交算了。,1,1,1,0,1
感謝同學肯定(準備開始動筆交給微微安←不知道交給她幹麻),1,1,1,0,1
原本以為世上一定有辦法，可以不碰哲學卻同時讀好文學理論。事實證明這只是癡人說夢。那麼多篇文學論文裡跟哲學沾上點邊的十篇中沒有九篇，也有八篇 半吧，哪怕幾個句子或幾個簡單觀念也好。不不，這樣說或許太客氣了些──應該是，哪怕只是一個句子也好。「文中角色這種行為等同於康德的ＸＸ哲學」、「此 現象與傅柯的OO理論不謀而合」等等，文史哲不分家，多麼方便的排他說法啊。把文史哲框在一起後就大喇喇地獨立成國，你我不分了。可謂史上最大不被譴責之 種族隔離政策之一。既然分不清界線，只好把界線消弭。於是開始連滾帶爬地拿起哲學來看，一如《世界第一好懂的哲學課》、 《一本就通西方哲學史》等等，心想早知道就好好跟以前的鋼琴學生交流哲學問題，現在才不會落得有一大堆疑問卻無人可直接請教，在浩瀚網路海中苦苦搜尋解 釋。要是有一本書叫《給文學研究笨蛋的哲學入門》的話，我一定親自到書局捧場買下來，而且還是在誠品買原價書，再出示學生證好讓店員知道「這本書就是寫給 我的（不然你要怎樣）」，或許訴之以情，還能得到九五折。讀來讀去，發現原來許許多多文學理論家脫離不了的哲學，就是鼎鼎 大名的現象學。讀書就是這樣，讀一本會發現自己少讀十本。現象學到底是什麼，為什麼重要，舉幾個它之後衍生的理論家如：沙特、高達美、列維那斯、德希達等 等，就知道現象學影響有多深遠。感謝那些哲學書籍的序言，我還知道這麼一點雞毛蒜皮之事。現象學宗師就是大家熟知的胡塞爾。他在一開始就先將現象解釋為 「於其自身顯示自身者」，同時區分了一些非現象學研究的一般人認知的「現象」，在那之後又解釋了現象學裡的「本質」，後來就有大家同樣耳熟能詳的「本質直 觀」、「回歸事物本身」等等。當然，像我這樣把現象學一言以蔽之，豈不徹底把這門學問的價質大大降低了？實在是因為現在還在現象學門外徘徊，怎麼也不敢開 始闡述裡頭的大道理啊。若是要講解《聖哥傳》，反倒更能說得頭頭是道。而《聖哥傳》是我花了兩天看到第七集後愛上的漫畫，第八集不知道要出了沒有。喔，偏題了。這 樣讀下來，根本還沒開學，熱情是不是就要被磨去幾分了，這是我很擔心的事。因此常跟朋友閒聊，但恰巧在這樣颱風過後的下午，跟好友P針對什麼叫本質而有了 番討論，覺得原來這就是哲學討論的實踐啊。前情是這樣的：我母親一回在電視上見到有人推薦奇異果不削皮直接吃，可以幫助消化的吃法。後來她大力推薦給全 家，於是我們家現在吃奇異果都是稍微用刀子把果皮上的毛刮去之後，去頭去尾，切成大概三四段直接吃。起初當然有點不習慣，後來竟喜歡上果皮的口感，再加上 果皮其實是奇異果最有營養的部份，連皮吃奇異果的習慣就這樣養成了。前些日子也把這種吃法介紹給P，甚至雞婆到直接奉送一顆奇異果要P在家馬上試看看。或 許P也受到某種哲學的啟發吧，我們就在這樣一個風雨過後的午後時光，討論起關於奇異果的本質。時間是下午四點，但是沒有午後慵懶的金色陽光。雲層厚得陽光怎麼也無法流洩到地上，空氣中滿滿的水氣。P上班時在臉書上線了。「上次你給我得奇異果是連皮吃的之後，我以後再也沒有連皮吃過了。因為我覺得好不盡興，感覺棕棕的皮就是阻礙我大口咬下去的罪魁禍首。」P說。「是喔？我現在挺習慣的了，反而覺得少了皮的奇異果口感怪怪的。」「可是棕棕的皮口感很不好，我還是比較喜歡赤裸裸的奇異果。」「這才是奇異本色啊。」不一會，P另起了話題。「所以如果你不吃皮的話，你是傾向會把整顆皮削掉那派，還是傾向切一半用湯匙挖呢？」這問題沒花我太多力氣思考，我旋即回答「湯匙挖」。「我是要全部削掉，這樣吃起來比較爽。」P說。一時間我替奇異果感到鼻酸，想替奇異果(性別：女)辯解。「『不要把我當蘋果了』她說。」我這樣回答。「用湯匙挖有時候太用力還會把皮弄破。」「這就是技巧(skill)的問題了。kiwi skill。」「而且把皮削掉就可以大口大口的吃了！」「這樣是抹煞她的identity。」我說。「才不會呢，他本人一定也是這麼希望的。『不要把我跟百香果相提並論。』」「百香果不一樣！」我其實不知道百香果不一樣在哪，或許在這點我的論點就顯得薄弱了。果然P馬上朝這方面攻擊。「一樣是要切一半挖的。總之我覺得把皮削掉一兩口咬完是最爽的。這樣滿嘴都是奇異果的口感，多爽阿！而且這樣吃完之後，嘴中酸酸麻麻的滋味會留更久。」幸好我連皮的經驗已經夠多了，於是回答「不對！酸酸麻麻的精髓在於皮，皮才是最酸的。妳這樣完全誤解奇姊了。」「是嗎？」「是的。」「可是她腿毛很多，我剃不乾淨。」「拿刀子用刀子刮可以把中間部份刮得很乾淨，至於兩端就是切掉就好。」「這樣你吃奇異果不就是把她當成蘋果在吃了嗎？還去頭去尾。」「那邊是真的咬不進去的啊。」「我會把她全身的皮削掉，把頭挖掉尾留著。」我發現P此時也認同奇姊的性別了。「蘋果去的是心吶！」我說。P不理會我的抗議，繼續說明。「吃到最後把尾巴附近吃乾淨再把她丟掉。」「其實妳只是把尾當作把手，『不要把我當把手』她說。」奇姊怎麼可能有把手呢想，想嚇跑誰？「不然她滑滑的，讓我無所適從，只能拿著尾巴吃到最後了。ヌルヌル。」「妳可以完全去皮然後用筷子把她從中間穿過啊，玉米化。」我說。「這樣他還有奇異果的尊嚴嗎！」頓時覺得，P說得好有道理。正在納悶P怎麼提起奇姊的事時，「是因為我剛剛吃了一顆奇異果，把她皮全部削掉，吃得超爽。」「結果只是為了炫耀啊！」「對阿，因為我覺得腿毛和皮的阻礙太強了。而且我上次連皮吃吃完之後有一種很空虛的感覺，我覺得我吃的根本是另一種水果！」「妳只是不願意接受她有腿毛的事實吧？那個才是本質才是精華欸！」「她的腿毛和皮膚又不像水蜜桃一樣可以連腿毛帶絲襪一起脫去。她的很根深柢固欸！」「因為那就是她的一部份啊。」我發現近日讀的胡塞耳開始在我體內顯靈。「難道你要說水蜜桃的毛和皮不是他的一部分嗎！」P的問題簡直是一種哲學式提問，那種深度實在讓人熱血沸騰。只是，好似胡塞耳先生在我耳際耳語要我這樣回答般──「水蜜桃的毛和皮就像外衣要給人脫的啊。所以才會有一句話叫『蜜桃成熟時』。不會有人形容一個女生長大了叫『奇異果成熟時』，感覺是變人妖了才會這樣講。」P的結論是，其實我應該是讀到書皮寫「現象學」，內容卻是《銀魂》的書了。也甚有道理。喔，離題了。,1,1,1,0,1
即便是口口聲聲說想離開那地方──至今也有三天了，卻像不曾待過。「過水的」，總有人這樣形容我們──說到離別，竟也有幾分離別特有的哀傷。那種哀 傷是附著在生活表層的，任誰都能輕易剝下，離開身體後可能要等很久後的某一天，或許是在某個轉角吧，才又拾起來賞玩賞玩，終能將之收進口袋裡。即便是這種荒誕體制下的人，也都是人，而究竟出問題的是人還是體制，我想這不證自明，誰都難辭其咎。我也是，S也是，J也是。而那地方可真是連離別也草率，好像那是不該存在的東西；若沒人提醒，你自己也不會意識到。但怎麼說，都是個待了五個月的地方。記得比我更早一步離開的C說，「一切要等到當天才有感覺」。說真的，我是到了完全踏出去後才如釋重負。人應當更敏銳點的，其實離別早在前一天就布下網了。任務因素，所有騎車的幹部都得把機車移到距離營舍步行約三到五分鐘的場地。五點半了，該休假的人員也都換了裝拿了假單要離開。倒也沒什麼，對他們而言就是休假而已，我本來也沒多去思考，直到S說，他休假完回來後我就退伍了。這 才恍然大悟，對於一些人，這一別再會可能是很久以後的事。或者從此人生無瓜葛。S其實從我將離開前那半個月就不斷試圖留我下來，但我從來沒有認真回應過； 這念頭從來沒在腦海裡佔過任何空間。直到他在準備休假換裝時，他還是一直在進行遊說。甚至是面色凝重的說：「說真的，我真的希望你留下來。」別開玩笑了。這不是適合我的地方。S離開營舍後突然老大把鑰匙丟給我要我幫他移車，在機車停車場恰巧遇到S，我們兩個簡單寒暄幾句後各自騎車離開。傍晚的風很涼，能在營上騎車穿梭在新兵間也不失為一種娛樂。他們可能想說排長怎麼突然間騎車在路上晃。騎過去不消兩分鐘就到了，把老大的車放好，東西都擺到定位時看到S騎著車過來。「你怎麼騎過來這裡？」「排仔，順便載你回連上，當作道別啊。」即便是這樣的地方啊──2011/7/12--------------------------------退伍一年多十天，在舊電腦裡發現還有這樣的漏網之魚。,1,1,1,0,1
"Lilian, 沒想到竟然遙應妳此刻狀況也太巧了啊。但，歡迎回來哈哈 John, 當時你不在場啦哈= =",1,1,1,0,1
這是朋友們跟我一同開的部落格，也沒限制主題或文類，隨便寫寫。文章本身也不會特別標記作者。說是湊滿五篇就讓他出來見個光見個笑：http://vacuumcooker.tumblr.com/,1,1,1,0,1
得知舍弟成了班長後，身為好哥哥的我只好教他一點當班長的方法：一進教室門後挑個同學的桌子把它踢翻就對了啦。,1,1,1,0,1
約莫是只能苦笑的當下狀態,1,1,1,0,1
那天我聽他們說，妳回來了。頓時間我感到自己被世界遺棄了。我還能有什麼世界呢？書堆，以及書堆外單純得讓人鄙視的種種：單純到讓人羨慕，但也可能是過度單純到讓人不齒。我現在相信後者比前者多。有一說是人在剛醒來，或即將入睡時的半夢半醒間最容易有靈感。但是一旦知到了這樣的小道消息，假設它為真好了，只會讓這樣的瞬間更短吧──試想醒過來的第一個念頭就是「我要抓住所有靈光」，光是這個想法就足以抹煞所有靈光乍現的可能。靈光不是給我抓的，我是給靈光抓的。只是這樣的靈感在那一陣子毫無用武之地。我不知道該去哪，不知道寄過去的信到底到了沒有。偏偏德希達就不斷說著，信可以不到達，信的到達只是不到達的一種。妳說妳再兩個多禮拜就回來，然後信就懸在那兒了。一直處在到達的狀態，也一直處在不到達的狀態。直到那天我聽他們一個個跟我說他們見到妳了。信件由手寫到電子化的過程中，我們通常會太過強調手寫的消失。說是筆跡能確保誠意，如果是一封文情並茂的信，筆跡更可以讓情溢出言表。似乎是要補償情感的削減，我們換到了速度。滑鼠點擊，手指可能還沒離開左鍵，信就在那頭了。但是，速度和情感真能這樣補償嗎？當然不能。速度與其說是催化信件寄到的時間，不如說是把情感放進真空裡頭。各種形式的情感都要面臨極大化的可能，最後會不會爆裂開來呢？(待續),1,1,1,0,1